method,channels_count,selected_channels,window_ms,filtering,feature_set,accuracy,macro_f1,processing_time_ms,feature_vector_size,records_count,train_participants,test_participants,quick_mode,random_repeat
greedy,3,"[14, 11, 20]",200.0,False,basic,0.8466494845360825,0.8493625796002097,0.033741667266440345,12,48,"1,2,3,4","42,43",True,-1
random,3,"[5, 8, 17]",200.0,False,basic,0.6121134020618557,0.6000676031172688,0.03426249986659968,12,48,"1,2,3,4","42,43",True,0
random,3,"[15, 19, 20]",200.0,False,basic,0.6056701030927835,0.5982485213398521,0.033512499764280314,12,48,"1,2,3,4","42,43",True,1
random,3,"[9, 14, 20]",200.0,False,basic,0.7570876288659794,0.7564735004262247,0.03435000022970295,12,48,"1,2,3,4","42,43",True,2
ranking,3,"[14, 6, 15]",200.0,False,basic,0.6875,0.668676611591935,0.03372916701967673,12,48,"1,2,3,4","42,43",True,-1
greedy,4,"[14, 11, 20, 0]",200.0,False,basic,0.8801546391752577,0.8834601688135306,0.03543333332345355,16,48,"1,2,3,4","42,43",True,-1
random,4,"[2, 6, 18, 23]",200.0,False,basic,0.657860824742268,0.6518977467296819,0.035149999803252285,16,48,"1,2,3,4","42,43",True,0
random,4,"[7, 9, 18, 19]",200.0,False,basic,0.7036082474226805,0.7018747080184026,0.034862500039404644,16,48,"1,2,3,4","42,43",True,1
random,4,"[0, 7, 8, 15]",200.0,False,basic,0.6211340206185567,0.6077874478415958,0.03493333345735058,16,48,"1,2,3,4","42,43",True,2
ranking,4,"[14, 6, 15, 7]",200.0,False,basic,0.7016752577319587,0.6891664918449624,0.035762500374403317,16,48,"1,2,3,4","42,43",True,-1
greedy,6,"[14, 11, 20, 0, 21, 22]",200.0,False,basic,0.9394329896907216,0.9399105094107626,0.036337499750516145,24,48,"1,2,3,4","42,43",True,-1
random,6,"[1, 10, 19, 21, 22, 23]",200.0,False,basic,0.8769329896907216,0.8730946881292995,0.03616666648061558,24,48,"1,2,3,4","42,43",True,0
random,6,"[2, 7, 12, 18, 21, 23]",200.0,False,basic,0.7461340206185567,0.7502444692115744,0.036162499933804305,24,48,"1,2,3,4","42,43",True,1
random,6,"[3, 13, 14, 15, 16, 18]",200.0,False,basic,0.8182989690721649,0.8219270872365783,0.03618333312260802,24,48,"1,2,3,4","42,43",True,2
ranking,6,"[14, 6, 15, 7, 5, 13]",200.0,False,basic,0.6759020618556701,0.6579095753639227,0.035958333076753966,24,48,"1,2,3,4","42,43",True,-1
greedy,8,"[14, 11, 20, 0, 21, 22, 23, 12]",200.0,False,basic,0.9787371134020618,0.9788139135814863,0.03879583315817096,32,48,"1,2,3,4","42,43",True,-1
random,8,"[5, 10, 11, 12, 14, 15, 16, 17]",200.0,False,basic,0.9213917525773195,0.9219877620642318,0.03944999995534696,32,48,"1,2,3,4","42,43",True,0
random,8,"[5, 7, 8, 9, 18, 19, 21, 22]",200.0,False,basic,0.7809278350515464,0.7788112547600309,0.039041666847576074,32,48,"1,2,3,4","42,43",True,1
random,8,"[0, 6, 8, 9, 10, 12, 18, 22]",200.0,False,basic,0.8015463917525774,0.7932585798767519,0.0387374998354062,32,48,"1,2,3,4","42,43",True,2
ranking,8,"[14, 6, 15, 7, 5, 13, 4, 11]",200.0,False,basic,0.7777061855670103,0.7702239109870523,0.03889166706964412,32,48,"1,2,3,4","42,43",True,-1
greedy,12,"[14, 11, 20, 0, 21, 22, 23, 12, 4, 2, 10, 6]",200.0,False,basic,0.9922680412371134,0.9922770913163139,0.04285416677400159,48,48,"1,2,3,4","42,43",True,-1
random,12,"[1, 4, 5, 6, 8, 9, 10, 11, 14, 16, 22, 23]",200.0,False,basic,0.9201030927835051,0.9193646232544186,0.04277499980768577,48,48,"1,2,3,4","42,43",True,0
random,12,"[1, 2, 5, 8, 10, 15, 17, 19, 20, 21, 22, 23]",200.0,False,basic,0.8157216494845361,0.8181051439140116,0.042658333162156246,48,48,"1,2,3,4","42,43",True,1
random,12,"[1, 3, 5, 7, 8, 9, 10, 13, 14, 16, 17, 23]",200.0,False,basic,0.8479381443298969,0.8496775236577931,0.042808333243253095,48,48,"1,2,3,4","42,43",True,2
ranking,12,"[14, 6, 15, 7, 5, 13, 4, 11, 1, 9, 12, 3]",200.0,False,basic,0.7564432989690721,0.7514750036323711,0.04260000014255638,48,48,"1,2,3,4","42,43",True,-1
greedy,16,"[14, 11, 20, 0, 21, 22, 23, 12, 4, 2, 10, 6, 15, 7, 18, 9]",200.0,False,basic,0.9896907216494846,0.9897113129240809,0.04754999978710354,64,48,"1,2,3,4","42,43",True,-1
random,16,"[1, 3, 6, 7, 8, 10, 11, 13, 14, 16, 17, 18, 19, 20, 21, 22]",200.0,False,basic,0.851159793814433,0.8557579461150969,0.047525000506235905,64,48,"1,2,3,4","42,43",True,0
random,16,"[1, 3, 5, 6, 7, 8, 9, 11, 12, 17, 18, 19, 20, 21, 22, 23]",200.0,False,basic,0.8885309278350515,0.8902620815418067,0.04756666688384333,64,48,"1,2,3,4","42,43",True,1
random,16,"[0, 1, 3, 4, 5, 6, 8, 9, 10, 12, 13, 15, 17, 19, 21, 22]",200.0,False,basic,0.8221649484536082,0.8274789320462046,0.048345833268588954,64,48,"1,2,3,4","42,43",True,2
ranking,16,"[14, 6, 15, 7, 5, 13, 4, 11, 1, 9, 12, 3, 0, 2, 10, 19]",200.0,False,basic,0.9149484536082474,0.9157711333612008,0.047716667268105084,64,48,"1,2,3,4","42,43",True,-1
full,24,"[0, 1, 2, 3, 4, 5, 6, 7, 8, 9, 10, 11, 12, 13, 14, 15, 16, 17, 18, 19, 20, 21, 22, 23]",200.0,False,basic,0.8878865979381443,0.8890974784739727,0.05790833271627586,96,48,"1,2,3,4","42,43",True,-1
random,24,"[0, 1, 2, 3, 4, 5, 6, 7, 8, 9, 10, 11, 12, 13, 14, 15, 16, 17, 18, 19, 20, 21, 22, 23]",200.0,False,basic,0.8878865979381443,0.8890974784739727,0.057012499837583164,96,48,"1,2,3,4","42,43",True,0
ranking,24,"[14, 6, 15, 7, 5, 13, 4, 11, 1, 9, 12, 3, 0, 2, 10, 19, 20, 18, 21, 8, 17, 23, 22, 16]",200.0,False,basic,0.8878865979381443,0.8890974784739727,0.056816666528902715,96,48,"1,2,3,4","42,43",True,-1
