row_type,seed,method,channels_count,selected_channels,train_participants,val_participants,selection_score_accuracy,selection_score_macro_f1,top_channel_frequency,seed_a,seed_b,jaccard
selection,0,ranking,3,"[13, 5, 15]","5,6,7,8,9,10,11,12,13,14,15,16","1,2,3,4",0.7686548846342661,0.7701894123016843,1,,,
selection,0,ranking,6,"[13, 5, 15, 6, 7, 14]","5,6,7,8,9,10,11,12,13,14,15,16","1,2,3,4",0.7498772704958272,0.7500878596628283,1,,,
selection,0,ranking,8,"[13, 5, 15, 6, 7, 14, 12, 0]","5,6,7,8,9,10,11,12,13,14,15,16","1,2,3,4",0.8211217476681394,0.8253397221460244,1,,,
selection,0,ranking,12,"[13, 5, 15, 6, 7, 14, 12, 0, 11, 3, 4, 9]","5,6,7,8,9,10,11,12,13,14,15,16","1,2,3,4",0.8685260186548847,0.8723004124617776,1,,,
selection,0,greedy,3,"[13, 9, 23]","5,6,7,8,9,10,11,12,13,14,15,16","1,2,3,4",0.8506381934216986,0.852029918043345,1,,,
selection,0,greedy,6,"[13, 9, 23, 11, 5, 20]","5,6,7,8,9,10,11,12,13,14,15,16","1,2,3,4",0.9008959253804615,0.9021003196134479,1,,,
selection,0,greedy,8,"[13, 9, 23, 11, 5, 20, 8, 15]","5,6,7,8,9,10,11,12,13,14,15,16","1,2,3,4",0.9210542464408443,0.9220504969173002,1,,,
selection,0,greedy,12,"[13, 9, 23, 11, 5, 20, 8, 15, 16, 19, 21, 22]","5,6,7,8,9,10,11,12,13,14,15,16","1,2,3,4",0.9326521845851743,0.9331626669669266,1,,,
selection,1,ranking,3,"[6, 15, 0]","1,2,3,4,9,10,11,12,13,14,15,16","5,6,7,8",0.7963303878252331,0.8003455413694197,1,,,
selection,1,ranking,6,"[6, 15, 0, 7, 9, 14]","1,2,3,4,9,10,11,12,13,14,15,16","5,6,7,8",0.8464653902798233,0.8504043617179441,1,,,
selection,1,ranking,8,"[6, 15, 0, 7, 9, 14, 8, 5]","1,2,3,4,9,10,11,12,13,14,15,16","5,6,7,8",0.8477847324496809,0.8510445223182244,1,,,
selection,1,ranking,12,"[6, 15, 0, 7, 9, 14, 8, 5, 13, 1, 3, 11]","1,2,3,4,9,10,11,12,13,14,15,16","5,6,7,8",0.8386413843888071,0.8430396826246047,1,,,
selection,1,greedy,3,"[6, 1, 20]","1,2,3,4,9,10,11,12,13,14,15,16","5,6,7,8",0.8500245459008345,0.8497763535159838,1,,,
selection,1,greedy,6,"[6, 1, 20, 16, 15, 23]","1,2,3,4,9,10,11,12,13,14,15,16","5,6,7,8",0.9107756504663721,0.9120891121318654,1,,,
selection,1,greedy,8,"[6, 1, 20, 16, 15, 23, 17, 7]","1,2,3,4,9,10,11,12,13,14,15,16","5,6,7,8",0.9152552773686794,0.9163118728731777,1,,,
selection,1,greedy,12,"[6, 1, 20, 16, 15, 23, 17, 7, 14, 21, 12, 8]","1,2,3,4,9,10,11,12,13,14,15,16","5,6,7,8",0.9150711831124202,0.916406765619714,1,,,
selection,2,ranking,3,"[14, 6, 5]","1,2,3,4,5,6,7,8,13,14,15,16","9,10,11,12",0.6749202258222877,0.6791359527496315,1,,,
selection,2,ranking,6,"[14, 6, 5, 19, 13, 7]","1,2,3,4,5,6,7,8,13,14,15,16","9,10,11,12",0.7337690230731467,0.7372646039023065,1,,,
selection,2,ranking,8,"[14, 6, 5, 19, 13, 7, 15, 0]","1,2,3,4,5,6,7,8,13,14,15,16","9,10,11,12",0.8428755522827688,0.8432541848783891,1,,,
selection,2,ranking,12,"[14, 6, 5, 19, 13, 7, 15, 0, 8, 3, 2, 9]","1,2,3,4,5,6,7,8,13,14,15,16","9,10,11,12",0.8504234167893961,0.8509540415924928,1,,,
selection,2,greedy,3,"[14, 0, 21]","1,2,3,4,5,6,7,8,13,14,15,16","9,10,11,12",0.8301423662248405,0.8314477107505013,1,,,
selection,2,greedy,6,"[14, 0, 21, 7, 20, 3]","1,2,3,4,5,6,7,8,13,14,15,16","9,10,11,12",0.8903718703976435,0.8908390635842955,1,,,
selection,2,greedy,8,"[14, 0, 21, 7, 20, 3, 22, 23]","1,2,3,4,5,6,7,8,13,14,15,16","9,10,11,12",0.9146109474717722,0.914725265655493,1,,,
selection,2,greedy,12,"[14, 0, 21, 7, 20, 3, 22, 23, 2, 8, 16, 15]","1,2,3,4,5,6,7,8,13,14,15,16","9,10,11,12",0.9258100147275405,0.9259923590116432,1,,,
selection,3,ranking,3,"[6, 14, 7]","1,2,3,4,5,6,7,8,9,10,11,12","13,14,15,16",0.6782032400589102,0.6793817528251507,1,,,
selection,3,ranking,6,"[6, 14, 7, 15, 0, 5]","1,2,3,4,5,6,7,8,9,10,11,12","13,14,15,16",0.7764482081492391,0.7760203919107993,1,,,
selection,3,ranking,8,"[6, 14, 7, 15, 0, 5, 9, 8]","1,2,3,4,5,6,7,8,9,10,11,12","13,14,15,16",0.7937530682376043,0.7904940384694931,1,,,
selection,3,ranking,12,"[6, 14, 7, 15, 0, 5, 9, 8, 13, 1, 11, 3]","1,2,3,4,5,6,7,8,9,10,11,12","13,14,15,16",0.8405436917034855,0.8394281295799229,1,,,
selection,3,greedy,3,"[6, 8, 5]","1,2,3,4,5,6,7,8,9,10,11,12","13,14,15,16",0.7943973981345115,0.7974590366441545,1,,,
selection,3,greedy,6,"[6, 8, 5, 16, 9, 23]","1,2,3,4,5,6,7,8,9,10,11,12","13,14,15,16",0.8592599410898379,0.8595645752460562,1,,,
selection,3,greedy,8,"[6, 8, 5, 16, 9, 23, 22, 4]","1,2,3,4,5,6,7,8,9,10,11,12","13,14,15,16",0.8861990672557682,0.886438568801074,1,,,
selection,3,greedy,12,"[6, 8, 5, 16, 9, 23, 22, 4, 13, 12, 1, 0]","1,2,3,4,5,6,7,8,9,10,11,12","13,14,15,16",0.8847263132056946,0.8848533723178331,1,,,
pairwise,-1,ranking,3,,,,,,,0.0,1.0,0.2
pairwise,-1,ranking,3,,,,,,,0.0,2.0,0.2
pairwise,-1,ranking,3,,,,,,,0.0,3.0,0.0
pairwise,-1,ranking,3,,,,,,,1.0,2.0,0.2
pairwise,-1,ranking,3,,,,,,,1.0,3.0,0.2
pairwise,-1,ranking,3,,,,,,,2.0,3.0,0.5
pairwise,-1,ranking,6,,,,,,,0.0,1.0,0.5
pairwise,-1,ranking,6,,,,,,,0.0,2.0,0.7142857142857143
pairwise,-1,ranking,6,,,,,,,0.0,3.0,0.7142857142857143
pairwise,-1,ranking,6,,,,,,,1.0,2.0,0.3333333333333333
pairwise,-1,ranking,6,,,,,,,1.0,3.0,0.7142857142857143
pairwise,-1,ranking,6,,,,,,,2.0,3.0,0.5
pairwise,-1,ranking,8,,,,,,,0.0,1.0,0.6
pairwise,-1,ranking,8,,,,,,,0.0,2.0,0.7777777777777778
pairwise,-1,ranking,8,,,,,,,0.0,3.0,0.6
pairwise,-1,ranking,8,,,,,,,1.0,2.0,0.6
pairwise,-1,ranking,8,,,,,,,1.0,3.0,1.0
pairwise,-1,ranking,8,,,,,,,2.0,3.0,0.6
pairwise,-1,ranking,12,,,,,,,0.0,1.0,0.7142857142857143
pairwise,-1,ranking,12,,,,,,,0.0,2.0,0.6
pairwise,-1,ranking,12,,,,,,,0.0,3.0,0.7142857142857143
pairwise,-1,ranking,12,,,,,,,1.0,2.0,0.7142857142857143
pairwise,-1,ranking,12,,,,,,,1.0,3.0,1.0
pairwise,-1,ranking,12,,,,,,,2.0,3.0,0.7142857142857143
pairwise,-1,greedy,3,,,,,,,0.0,1.0,0.0
pairwise,-1,greedy,3,,,,,,,0.0,2.0,0.0
pairwise,-1,greedy,3,,,,,,,0.0,3.0,0.0
pairwise,-1,greedy,3,,,,,,,1.0,2.0,0.0
pairwise,-1,greedy,3,,,,,,,1.0,3.0,0.2
pairwise,-1,greedy,3,,,,,,,2.0,3.0,0.0
pairwise,-1,greedy,6,,,,,,,0.0,1.0,0.2
pairwise,-1,greedy,6,,,,,,,0.0,2.0,0.09090909090909091
pairwise,-1,greedy,6,,,,,,,0.0,3.0,0.3333333333333333
pairwise,-1,greedy,6,,,,,,,1.0,2.0,0.09090909090909091
pairwise,-1,greedy,6,,,,,,,1.0,3.0,0.3333333333333333
pairwise,-1,greedy,6,,,,,,,2.0,3.0,0.0
pairwise,-1,greedy,8,,,,,,,0.0,1.0,0.23076923076923078
pairwise,-1,greedy,8,,,,,,,0.0,2.0,0.14285714285714285
pairwise,-1,greedy,8,,,,,,,0.0,3.0,0.3333333333333333
pairwise,-1,greedy,8,,,,,,,1.0,2.0,0.23076923076923078
pairwise,-1,greedy,8,,,,,,,1.0,3.0,0.23076923076923078
pairwise,-1,greedy,8,,,,,,,2.0,3.0,0.14285714285714285
pairwise,-1,greedy,12,,,,,,,0.0,1.0,0.3333333333333333
pairwise,-1,greedy,12,,,,,,,0.0,2.0,0.4117647058823529
pairwise,-1,greedy,12,,,,,,,0.0,3.0,0.4117647058823529
pairwise,-1,greedy,12,,,,,,,1.0,2.0,0.5
pairwise,-1,greedy,12,,,,,,,1.0,3.0,0.3333333333333333
pairwise,-1,greedy,12,,,,,,,2.0,3.0,0.2631578947368421
